design	cms_p1	cms_p2	cms_p3	cms_p4	cms_p5	cms_p6	cms_p7	cms_p8	cms_p9	cms_total
r1b_273_dldesign_5	NA	NA	NA	NA	NA	NA	NA	NA	NA	0.000
r1b_401_dldesign_7	NA	NA	NA	NA	NA	5.909	7.368	11.418	0.897	17.804
r1b_403_dldesign_2	0.062	0.026	0.041	25.176	11.836	35.618	38.300	19.844	1.943	101.300
r1b_870_dldesign_2	NA	NA	NA	0.048	0.248	22.109	17.051	24.789	20.353	69.225
r3_r1b_273_28_dldesign_0_control	2.957	0.000	0.102	14.568	12.449	22.359	41.138	7.459	0.000	78.243
r3_r1b_403_65_dldesign_4	0.285	0.000	0.000	21.538	12.756	29.114	39.458	26.019	12.577	106.272
r3_r1b_403_6_dldesign_6	NA	NA	NA	NA	NA	NA	NA	0.031	2.123	2.176
r3_r1b_870_22_dldesign_0	NA	NA	NA	0.006	2.445	28.552	16.942	8.491	2.331	47.792
r3_r1b_870_22_dldesign_7	NA	NA	NA	NA	0.000	8.658	2.216	3.812	0.285	12.300
r3_r1b_870_64_dldesign_0	NA	0.000	0.000	20.445	3.762	35.836	29.167	13.016	0.060	87.162
r3_r1b_870_87_dldesign_2	0.000	0.046	0.511	24.881	28.433	55.610	43.727	14.846	0.079	119.415
r3_r1b_870_87_dldesign_6	0.011	0.045	0.711	15.863	18.571	40.894	48.229	20.390	0.777	105.617
r3_r1b_870_87_dldesign_7	0.000	0.027	0.302	18.172	24.996	49.534	31.445	15.209	0.058	98.120
