design,position,aa,log_p_on,log_p_ala,mpnn_spec_score
mage-282,5,I,-1.3402893543243408,-5.3963422775268555,4.056052923202515
mage-282,7,H,-0.5428758859634399,-2.7087130546569824,2.1658371686935425
mage-282,8,L,-1.888573408126831,-4.070631504058838,2.182058095932007
mage-513,5,I,-0.6417097449302673,-4.382661819458008,3.7409520745277405
mage-513,7,H,-1.4156601428985596,-4.289719581604004,2.8740594387054443
mage-513,8,L,-0.4232722520828247,-5.489439010620117,5.0661667585372925
mage-4,5,I,-1.0412311553955078,-5.383196830749512,4.341965675354004
mage-4,7,H,-2.059345245361328,-4.235994815826416,2.176649570465088
mage-4,8,L,-0.3200528621673584,-5.406823635101318,5.08677077293396
sars-6,4,W,-2.247684955596924,-2.0314292907714844,-0.21625566482543945
sars-6,5,L,-0.23816226422786713,-4.692202568054199,4.454040303826332
hiv-10,1,K,-2.4325735569000244,-3.008044719696045,0.5754711627960205
hiv-10,8,T,-1.2430479526519775,-2.076759099960327,0.8337111473083496
hiv-9,4,P,-0.6503633856773376,-3.1176013946533203,2.4672380089759827
hiv-9,5,L,-0.0998450368642807,-5.548951148986816,5.449106112122536
wt1-5,1,R,-1.6061328649520874,-3.712153434753418,2.1060205698013306
wt1-5,8,Y,-3.873485565185547,-3.3747329711914062,-0.4987525939941406
wt1-8,1,R,-1.781339168548584,-3.1037745475769043,1.3224353790283203
wt1-8,8,Y,-3.7947769165039062,-4.118960857391357,0.32418394088745117
gp100-3,4,P,-0.2691216468811035,-4.080528259277344,3.8114066123962402
gp100-3,5,G,-0.16142189502716064,-2.814749240875244,2.6533273458480835
gp100-3,6,P,-0.32604220509529114,-2.806112289428711,2.48007008433342
gp100-3,7,V,-1.1346553564071655,-5.423216819763184,4.288561463356018
mart1-3,5,I,-0.6608292460441589,-5.302046775817871,4.641217529773712
mart1-3,6,G,-0.07596089690923691,-5.488351821899414,5.412390924990177
mart1-3,7,I,-1.876340389251709,-4.54963493347168,2.6732945442199707
mart1-3,9,T,-1.0182510614395142,-4.180785655975342,3.1625345945358276
mart1-43,1,E,-2.493393659591675,-3.058310031890869,0.5649163722991943
mart1-43,2,L,-1.039125919342041,-4.257612228393555,3.2184863090515137
mart1-43,3,A,-3.8609204292297363,-3.8609204292297363,0.0
mart1-43,4,G,-0.1822827160358429,-3.706235647201538,3.523952931165695
prame-9,4,V,-0.6649208664894104,-4.690381050109863,4.025460183620453
prame-9,6,S,-1.1631050109863281,-0.6159850358963013,-0.5471199750900269
prame-9,7,L,-0.7536302208900452,-4.731951713562012,3.9783214926719666
prame-9,9,F,-0.879619300365448,-5.316889762878418,4.43727046251297
prame-2,4,V,-0.9795266389846802,-3.8244380950927734,2.8449114561080933
prame-2,6,S,-0.7056914567947388,-0.9357157349586487,0.2300242781639099
prame-2,7,L,-0.11415497213602066,-5.495766639709473,5.381611667573452
prame-2,9,F,-1.0445380210876465,-5.175431251525879,4.130893230438232
pap-116,3,M,-3.9087347984313965,-4.562332630157471,0.6535978317260742
pap-116,4,S,-1.3460289239883423,-1.4138505458831787,0.06782162189483643
pap-116,5,A,-0.40233513712882996,-0.40233513712882996,0.0
yfv-2,4,N,-0.94357830286026,-3.9226489067077637,2.9790706038475037
yfv-2,7,I,-1.4539477825164795,-5.180081844329834,3.7261340618133545
ctnnb1-15,5,F,-3.107839822769165,-2.9812464714050293,-0.12659335136413574
phox2b-5,6,R,-1.8870608806610107,-2.4585413932800293,0.5714805126190186
phox2b-11,6,R,-2.3768789768218994,-2.8037352561950684,0.42685627937316895
